{"accessibilityPrompt":true,"alwaysOnTop":false,"arch":"x64","asar":false,"blockExternalUrls":false,"bounce":false,"buildDate":1648620790158,"clearCache":false,"counter":false,"darwinDarkModeSupport":false,"disableContextMenu":false,"disableDevTools":false,"disableGpu":false,"disableOldBuildWarning":false,"electronVersionUsed":"16.0.9","enableEs3Apis":false,"fastQuit":false,"fullScreen":false,"height":800,"hideWindowFrame":false,"ignoreCertificate":false,"ignoreGpuBlacklist":false,"insecure":false,"isUpgrade":false,"maximize":false,"name":"Desktop Authenticator","nativefierVersion":"46.1.1","portable":false,"quiet":false,"showMenuBar":false,"singleInstance":true,"strictInternalUrls":false,"targetUrl":"https://nicerwritter27.github.io/Website-Authenticator/","tray":"false","userAgentHonest":false,"width":1280,"widevine":false,"win32metadata":{},"zoom":1,"oldBuildWarningText":""}